--
-- PostgreSQL database dump
--

\restrict XMx7h8EIiYRhNaEvnblnfATgw9Yw5IQXgA7BtukXUuEi37CnYsHXYbUwO1GVOO0

-- Dumped from database version 18.4
-- Dumped by pg_dump version 18.4

-- Started on 2026-05-20 14:58:32

SET statement_timeout = 0;
SET lock_timeout = 0;
SET idle_in_transaction_session_timeout = 0;
SET transaction_timeout = 0;
SET client_encoding = 'UTF8';
SET standard_conforming_strings = on;
SELECT pg_catalog.set_config('search_path', '', false);
SET check_function_bodies = false;
SET xmloption = content;
SET client_min_messages = warning;
SET row_security = off;

SET default_tablespace = '';

SET default_table_access_method = heap;

--
-- TOC entry 226 (class 1259 OID 16424)
-- Name: auth_group; Type: TABLE; Schema: public; Owner: postgres
--

CREATE TABLE public.auth_group (
    id integer NOT NULL,
    name character varying(150) NOT NULL
);


ALTER TABLE public.auth_group OWNER TO postgres;

--
-- TOC entry 225 (class 1259 OID 16423)
-- Name: auth_group_id_seq; Type: SEQUENCE; Schema: public; Owner: postgres
--

ALTER TABLE public.auth_group ALTER COLUMN id ADD GENERATED BY DEFAULT AS IDENTITY (
    SEQUENCE NAME public.auth_group_id_seq
    START WITH 1
    INCREMENT BY 1
    NO MINVALUE
    NO MAXVALUE
    CACHE 1
);


--
-- TOC entry 228 (class 1259 OID 16434)
-- Name: auth_group_permissions; Type: TABLE; Schema: public; Owner: postgres
--

CREATE TABLE public.auth_group_permissions (
    id bigint NOT NULL,
    group_id integer NOT NULL,
    permission_id integer NOT NULL
);


ALTER TABLE public.auth_group_permissions OWNER TO postgres;

--
-- TOC entry 227 (class 1259 OID 16433)
-- Name: auth_group_permissions_id_seq; Type: SEQUENCE; Schema: public; Owner: postgres
--

ALTER TABLE public.auth_group_permissions ALTER COLUMN id ADD GENERATED BY DEFAULT AS IDENTITY (
    SEQUENCE NAME public.auth_group_permissions_id_seq
    START WITH 1
    INCREMENT BY 1
    NO MINVALUE
    NO MAXVALUE
    CACHE 1
);


--
-- TOC entry 224 (class 1259 OID 16414)
-- Name: auth_permission; Type: TABLE; Schema: public; Owner: postgres
--

CREATE TABLE public.auth_permission (
    id integer NOT NULL,
    name character varying(255) NOT NULL,
    content_type_id integer NOT NULL,
    codename character varying(100) NOT NULL
);


ALTER TABLE public.auth_permission OWNER TO postgres;

--
-- TOC entry 223 (class 1259 OID 16413)
-- Name: auth_permission_id_seq; Type: SEQUENCE; Schema: public; Owner: postgres
--

ALTER TABLE public.auth_permission ALTER COLUMN id ADD GENERATED BY DEFAULT AS IDENTITY (
    SEQUENCE NAME public.auth_permission_id_seq
    START WITH 1
    INCREMENT BY 1
    NO MINVALUE
    NO MAXVALUE
    CACHE 1
);


--
-- TOC entry 230 (class 1259 OID 16443)
-- Name: auth_user; Type: TABLE; Schema: public; Owner: postgres
--

CREATE TABLE public.auth_user (
    id integer NOT NULL,
    password character varying(128) NOT NULL,
    last_login timestamp with time zone,
    is_superuser boolean NOT NULL,
    username character varying(150) NOT NULL,
    first_name character varying(150) NOT NULL,
    last_name character varying(150) NOT NULL,
    email character varying(254) NOT NULL,
    is_staff boolean NOT NULL,
    is_active boolean NOT NULL,
    date_joined timestamp with time zone NOT NULL
);


ALTER TABLE public.auth_user OWNER TO postgres;

--
-- TOC entry 232 (class 1259 OID 16462)
-- Name: auth_user_groups; Type: TABLE; Schema: public; Owner: postgres
--

CREATE TABLE public.auth_user_groups (
    id bigint NOT NULL,
    user_id integer NOT NULL,
    group_id integer NOT NULL
);


ALTER TABLE public.auth_user_groups OWNER TO postgres;

--
-- TOC entry 231 (class 1259 OID 16461)
-- Name: auth_user_groups_id_seq; Type: SEQUENCE; Schema: public; Owner: postgres
--

ALTER TABLE public.auth_user_groups ALTER COLUMN id ADD GENERATED BY DEFAULT AS IDENTITY (
    SEQUENCE NAME public.auth_user_groups_id_seq
    START WITH 1
    INCREMENT BY 1
    NO MINVALUE
    NO MAXVALUE
    CACHE 1
);


--
-- TOC entry 229 (class 1259 OID 16442)
-- Name: auth_user_id_seq; Type: SEQUENCE; Schema: public; Owner: postgres
--

ALTER TABLE public.auth_user ALTER COLUMN id ADD GENERATED BY DEFAULT AS IDENTITY (
    SEQUENCE NAME public.auth_user_id_seq
    START WITH 1
    INCREMENT BY 1
    NO MINVALUE
    NO MAXVALUE
    CACHE 1
);


--
-- TOC entry 234 (class 1259 OID 16471)
-- Name: auth_user_user_permissions; Type: TABLE; Schema: public; Owner: postgres
--

CREATE TABLE public.auth_user_user_permissions (
    id bigint NOT NULL,
    user_id integer NOT NULL,
    permission_id integer NOT NULL
);


ALTER TABLE public.auth_user_user_permissions OWNER TO postgres;

--
-- TOC entry 233 (class 1259 OID 16470)
-- Name: auth_user_user_permissions_id_seq; Type: SEQUENCE; Schema: public; Owner: postgres
--

ALTER TABLE public.auth_user_user_permissions ALTER COLUMN id ADD GENERATED BY DEFAULT AS IDENTITY (
    SEQUENCE NAME public.auth_user_user_permissions_id_seq
    START WITH 1
    INCREMENT BY 1
    NO MINVALUE
    NO MAXVALUE
    CACHE 1
);


--
-- TOC entry 236 (class 1259 OID 16532)
-- Name: django_admin_log; Type: TABLE; Schema: public; Owner: postgres
--

CREATE TABLE public.django_admin_log (
    id integer NOT NULL,
    action_time timestamp with time zone NOT NULL,
    object_id text,
    object_repr character varying(200) NOT NULL,
    action_flag smallint NOT NULL,
    change_message text NOT NULL,
    content_type_id integer,
    user_id integer NOT NULL,
    CONSTRAINT django_admin_log_action_flag_check CHECK ((action_flag >= 0))
);


ALTER TABLE public.django_admin_log OWNER TO postgres;

--
-- TOC entry 235 (class 1259 OID 16531)
-- Name: django_admin_log_id_seq; Type: SEQUENCE; Schema: public; Owner: postgres
--

ALTER TABLE public.django_admin_log ALTER COLUMN id ADD GENERATED BY DEFAULT AS IDENTITY (
    SEQUENCE NAME public.django_admin_log_id_seq
    START WITH 1
    INCREMENT BY 1
    NO MINVALUE
    NO MAXVALUE
    CACHE 1
);


--
-- TOC entry 222 (class 1259 OID 16402)
-- Name: django_content_type; Type: TABLE; Schema: public; Owner: postgres
--

CREATE TABLE public.django_content_type (
    id integer NOT NULL,
    app_label character varying(100) NOT NULL,
    model character varying(100) NOT NULL
);


ALTER TABLE public.django_content_type OWNER TO postgres;

--
-- TOC entry 221 (class 1259 OID 16401)
-- Name: django_content_type_id_seq; Type: SEQUENCE; Schema: public; Owner: postgres
--

ALTER TABLE public.django_content_type ALTER COLUMN id ADD GENERATED BY DEFAULT AS IDENTITY (
    SEQUENCE NAME public.django_content_type_id_seq
    START WITH 1
    INCREMENT BY 1
    NO MINVALUE
    NO MAXVALUE
    CACHE 1
);


--
-- TOC entry 220 (class 1259 OID 16390)
-- Name: django_migrations; Type: TABLE; Schema: public; Owner: postgres
--

CREATE TABLE public.django_migrations (
    id bigint NOT NULL,
    app character varying(255) NOT NULL,
    name character varying(255) NOT NULL,
    applied timestamp with time zone NOT NULL
);


ALTER TABLE public.django_migrations OWNER TO postgres;

--
-- TOC entry 219 (class 1259 OID 16389)
-- Name: django_migrations_id_seq; Type: SEQUENCE; Schema: public; Owner: postgres
--

ALTER TABLE public.django_migrations ALTER COLUMN id ADD GENERATED BY DEFAULT AS IDENTITY (
    SEQUENCE NAME public.django_migrations_id_seq
    START WITH 1
    INCREMENT BY 1
    NO MINVALUE
    NO MAXVALUE
    CACHE 1
);


--
-- TOC entry 237 (class 1259 OID 16572)
-- Name: django_session; Type: TABLE; Schema: public; Owner: postgres
--

CREATE TABLE public.django_session (
    session_key character varying(40) NOT NULL,
    session_data text NOT NULL,
    expire_date timestamp with time zone NOT NULL
);


ALTER TABLE public.django_session OWNER TO postgres;

--
-- TOC entry 239 (class 1259 OID 16585)
-- Name: inventario_alertastock; Type: TABLE; Schema: public; Owner: postgres
--

CREATE TABLE public.inventario_alertastock (
    id bigint NOT NULL,
    fecha timestamp with time zone NOT NULL,
    mensaje character varying(300) NOT NULL,
    estado character varying(10) NOT NULL,
    nivel_critico integer NOT NULL,
    producto_id bigint NOT NULL
);


ALTER TABLE public.inventario_alertastock OWNER TO postgres;

--
-- TOC entry 238 (class 1259 OID 16584)
-- Name: inventario_alertastock_id_seq; Type: SEQUENCE; Schema: public; Owner: postgres
--

ALTER TABLE public.inventario_alertastock ALTER COLUMN id ADD GENERATED BY DEFAULT AS IDENTITY (
    SEQUENCE NAME public.inventario_alertastock_id_seq
    START WITH 1
    INCREMENT BY 1
    NO MINVALUE
    NO MAXVALUE
    CACHE 1
);


--
-- TOC entry 247 (class 1259 OID 16644)
-- Name: inventario_movimientoinventario; Type: TABLE; Schema: public; Owner: postgres
--

CREATE TABLE public.inventario_movimientoinventario (
    id bigint NOT NULL,
    tipo character varying(10) NOT NULL,
    cantidad integer NOT NULL,
    fecha timestamp with time zone NOT NULL,
    descripcion character varying(300) NOT NULL,
    producto_id bigint NOT NULL,
    proveedor_id bigint,
    usuario_responsable_id integer
);


ALTER TABLE public.inventario_movimientoinventario OWNER TO postgres;

--
-- TOC entry 246 (class 1259 OID 16643)
-- Name: inventario_movimientoinventario_id_seq; Type: SEQUENCE; Schema: public; Owner: postgres
--

ALTER TABLE public.inventario_movimientoinventario ALTER COLUMN id ADD GENERATED BY DEFAULT AS IDENTITY (
    SEQUENCE NAME public.inventario_movimientoinventario_id_seq
    START WITH 1
    INCREMENT BY 1
    NO MINVALUE
    NO MAXVALUE
    CACHE 1
);


--
-- TOC entry 245 (class 1259 OID 16631)
-- Name: inventario_ordencompra; Type: TABLE; Schema: public; Owner: postgres
--

CREATE TABLE public.inventario_ordencompra (
    id bigint NOT NULL,
    fecha timestamp with time zone NOT NULL,
    estado character varying(10) NOT NULL,
    cantidad_sugerida integer NOT NULL,
    observaciones character varying(300) NOT NULL,
    alerta_id bigint,
    producto_id bigint NOT NULL,
    proveedor_id bigint NOT NULL,
    usuario_id integer
);


ALTER TABLE public.inventario_ordencompra OWNER TO postgres;

--
-- TOC entry 244 (class 1259 OID 16630)
-- Name: inventario_ordencompra_id_seq; Type: SEQUENCE; Schema: public; Owner: postgres
--

ALTER TABLE public.inventario_ordencompra ALTER COLUMN id ADD GENERATED BY DEFAULT AS IDENTITY (
    SEQUENCE NAME public.inventario_ordencompra_id_seq
    START WITH 1
    INCREMENT BY 1
    NO MINVALUE
    NO MAXVALUE
    CACHE 1
);


--
-- TOC entry 243 (class 1259 OID 16612)
-- Name: inventario_producto; Type: TABLE; Schema: public; Owner: postgres
--

CREATE TABLE public.inventario_producto (
    id bigint NOT NULL,
    codigo_unico character varying(50) NOT NULL,
    nombre character varying(150) NOT NULL,
    categoria character varying(80) NOT NULL,
    precio numeric(12,2) NOT NULL,
    cantidad_disponible integer NOT NULL,
    stock_minimo integer NOT NULL,
    unidad_medida character varying(3) NOT NULL,
    activo boolean NOT NULL,
    fecha_creacion timestamp with time zone NOT NULL,
    fecha_actualizacion timestamp with time zone NOT NULL,
    proveedor_id bigint
);


ALTER TABLE public.inventario_producto OWNER TO postgres;

--
-- TOC entry 242 (class 1259 OID 16611)
-- Name: inventario_producto_id_seq; Type: SEQUENCE; Schema: public; Owner: postgres
--

ALTER TABLE public.inventario_producto ALTER COLUMN id ADD GENERATED BY DEFAULT AS IDENTITY (
    SEQUENCE NAME public.inventario_producto_id_seq
    START WITH 1
    INCREMENT BY 1
    NO MINVALUE
    NO MAXVALUE
    CACHE 1
);


--
-- TOC entry 241 (class 1259 OID 16596)
-- Name: inventario_proveedor; Type: TABLE; Schema: public; Owner: postgres
--

CREATE TABLE public.inventario_proveedor (
    id bigint NOT NULL,
    nombre character varying(150) NOT NULL,
    contacto character varying(100) NOT NULL,
    telefono character varying(20) NOT NULL,
    email character varying(150) NOT NULL,
    direccion character varying(200) NOT NULL,
    activo boolean NOT NULL,
    fecha_creacion timestamp with time zone NOT NULL
);


ALTER TABLE public.inventario_proveedor OWNER TO postgres;

--
-- TOC entry 240 (class 1259 OID 16595)
-- Name: inventario_proveedor_id_seq; Type: SEQUENCE; Schema: public; Owner: postgres
--

ALTER TABLE public.inventario_proveedor ALTER COLUMN id ADD GENERATED BY DEFAULT AS IDENTITY (
    SEQUENCE NAME public.inventario_proveedor_id_seq
    START WITH 1
    INCREMENT BY 1
    NO MINVALUE
    NO MAXVALUE
    CACHE 1
);


--
-- TOC entry 5167 (class 0 OID 16424)
-- Dependencies: 226
-- Data for Name: auth_group; Type: TABLE DATA; Schema: public; Owner: postgres
--

COPY public.auth_group (id, name) FROM stdin;
\.


--
-- TOC entry 5169 (class 0 OID 16434)
-- Dependencies: 228
-- Data for Name: auth_group_permissions; Type: TABLE DATA; Schema: public; Owner: postgres
--

COPY public.auth_group_permissions (id, group_id, permission_id) FROM stdin;
\.


--
-- TOC entry 5165 (class 0 OID 16414)
-- Dependencies: 224
-- Data for Name: auth_permission; Type: TABLE DATA; Schema: public; Owner: postgres
--

COPY public.auth_permission (id, name, content_type_id, codename) FROM stdin;
1	Can add log entry	1	add_logentry
2	Can change log entry	1	change_logentry
3	Can delete log entry	1	delete_logentry
4	Can view log entry	1	view_logentry
5	Can add permission	2	add_permission
6	Can change permission	2	change_permission
7	Can delete permission	2	delete_permission
8	Can view permission	2	view_permission
9	Can add group	3	add_group
10	Can change group	3	change_group
11	Can delete group	3	delete_group
12	Can view group	3	view_group
13	Can add user	4	add_user
14	Can change user	4	change_user
15	Can delete user	4	delete_user
16	Can view user	4	view_user
17	Can add content type	5	add_contenttype
18	Can change content type	5	change_contenttype
19	Can delete content type	5	delete_contenttype
20	Can view content type	5	view_contenttype
21	Can add session	6	add_session
22	Can change session	6	change_session
23	Can delete session	6	delete_session
24	Can view session	6	view_session
25	Can add Proveedor	7	add_proveedor
26	Can change Proveedor	7	change_proveedor
27	Can delete Proveedor	7	delete_proveedor
28	Can view Proveedor	7	view_proveedor
29	Can add Producto	8	add_producto
30	Can change Producto	8	change_producto
31	Can delete Producto	8	delete_producto
32	Can view Producto	8	view_producto
33	Can add Movimiento de inventario	9	add_movimientoinventario
34	Can change Movimiento de inventario	9	change_movimientoinventario
35	Can delete Movimiento de inventario	9	delete_movimientoinventario
36	Can view Movimiento de inventario	9	view_movimientoinventario
37	Can add Alerta de stock	10	add_alertastock
38	Can change Alerta de stock	10	change_alertastock
39	Can delete Alerta de stock	10	delete_alertastock
40	Can view Alerta de stock	10	view_alertastock
41	Can add Orden de compra	11	add_ordencompra
42	Can change Orden de compra	11	change_ordencompra
43	Can delete Orden de compra	11	delete_ordencompra
44	Can view Orden de compra	11	view_ordencompra
\.


--
-- TOC entry 5171 (class 0 OID 16443)
-- Dependencies: 230
-- Data for Name: auth_user; Type: TABLE DATA; Schema: public; Owner: postgres
--

COPY public.auth_user (id, password, last_login, is_superuser, username, first_name, last_name, email, is_staff, is_active, date_joined) FROM stdin;
3	pbkdf2_sha256$600000$MKq5o9XMxrCF5PmvkXnAbS$1bBgCyQwKSlSukB99sghJwYy+dZCp0LN8yvSVyFMbCI=	\N	f	cajero1	Cajero	Uno	cajero@mercaldas.com	f	t	2026-05-15 00:33:16.600232-05
2	pbkdf2_sha256$600000$ZDPbYzNSoxTcxJpRHIVV1s$QkAe+WFEcplynm41e4G9eXisry7z7yny/lzOFT0zJFo=	2026-05-20 14:25:16.559478-05	f	encargado	Encargado	Inventario	encargado@mercaldas.com	f	t	2026-05-15 00:33:16.325784-05
1	pbkdf2_sha256$600000$tVwFSeWz9hWTBvF4Uvh8Fn$Hx+ikYfYSQlDzFR+PXcvky3lHvlMm8FfqGH2hgIYkSI=	2026-05-20 14:40:22.946787-05	t	admin	Shirley	Ramirez	admin@mercaldas.com	t	t	2026-05-15 00:33:16.056898-05
\.


--
-- TOC entry 5173 (class 0 OID 16462)
-- Dependencies: 232
-- Data for Name: auth_user_groups; Type: TABLE DATA; Schema: public; Owner: postgres
--

COPY public.auth_user_groups (id, user_id, group_id) FROM stdin;
\.


--
-- TOC entry 5175 (class 0 OID 16471)
-- Dependencies: 234
-- Data for Name: auth_user_user_permissions; Type: TABLE DATA; Schema: public; Owner: postgres
--

COPY public.auth_user_user_permissions (id, user_id, permission_id) FROM stdin;
\.


--
-- TOC entry 5177 (class 0 OID 16532)
-- Dependencies: 236
-- Data for Name: django_admin_log; Type: TABLE DATA; Schema: public; Owner: postgres
--

COPY public.django_admin_log (id, action_time, object_id, object_repr, action_flag, change_message, content_type_id, user_id) FROM stdin;
\.


--
-- TOC entry 5163 (class 0 OID 16402)
-- Dependencies: 222
-- Data for Name: django_content_type; Type: TABLE DATA; Schema: public; Owner: postgres
--

COPY public.django_content_type (id, app_label, model) FROM stdin;
1	admin	logentry
2	auth	permission
3	auth	group
4	auth	user
5	contenttypes	contenttype
6	sessions	session
7	inventario	proveedor
8	inventario	producto
9	inventario	movimientoinventario
10	inventario	alertastock
11	inventario	ordencompra
\.


--
-- TOC entry 5161 (class 0 OID 16390)
-- Dependencies: 220
-- Data for Name: django_migrations; Type: TABLE DATA; Schema: public; Owner: postgres
--

COPY public.django_migrations (id, app, name, applied) FROM stdin;
1	contenttypes	0001_initial	2026-05-15 00:31:24.805137-05
2	auth	0001_initial	2026-05-15 00:31:24.877224-05
3	admin	0001_initial	2026-05-15 00:31:24.898403-05
4	admin	0002_logentry_remove_auto_add	2026-05-15 00:31:24.907791-05
5	admin	0003_logentry_add_action_flag_choices	2026-05-15 00:31:24.930118-05
6	contenttypes	0002_remove_content_type_name	2026-05-15 00:31:24.946442-05
7	auth	0002_alter_permission_name_max_length	2026-05-15 00:31:24.954542-05
8	auth	0003_alter_user_email_max_length	2026-05-15 00:31:24.961511-05
9	auth	0004_alter_user_username_opts	2026-05-15 00:31:24.969793-05
10	auth	0005_alter_user_last_login_null	2026-05-15 00:31:24.97725-05
11	auth	0006_require_contenttypes_0002	2026-05-15 00:31:24.980291-05
12	auth	0007_alter_validators_add_error_messages	2026-05-15 00:31:24.989679-05
13	auth	0008_alter_user_username_max_length	2026-05-15 00:31:25.000697-05
14	auth	0009_alter_user_last_name_max_length	2026-05-15 00:31:25.008311-05
15	auth	0010_alter_group_name_max_length	2026-05-15 00:31:25.01553-05
16	auth	0011_update_proxy_permissions	2026-05-15 00:31:25.025554-05
17	auth	0012_alter_user_first_name_max_length	2026-05-15 00:31:25.032529-05
18	sessions	0001_initial	2026-05-15 00:31:25.043532-05
19	inventario	0001_initial	2026-05-15 00:33:05.987499-05
\.


--
-- TOC entry 5178 (class 0 OID 16572)
-- Dependencies: 237
-- Data for Name: django_session; Type: TABLE DATA; Schema: public; Owner: postgres
--

COPY public.django_session (session_key, session_data, expire_date) FROM stdin;
17irpqn6zfax4f02iybwxdrbffooazhu	.eJxVjMEOwiAQRP-FsyEsSxE8evcbyAKLVA1NSnsy_rtt0oMeZ96beYtA61LD2nkOYxYXAeL020VKT247yA9q90mmqS3zGOWuyIN2eZsyv66H-3dQqddtnSxzzIldRGtBndENBYwrDMaQ8lqhRj2URICaHCsdTXHZe4WQtgTi8wXiwjda:1wPRgD:RekyqwP2cQCspT_wV3Shs5oMWSPjg2y_dYppOmpoLqc	2026-06-02 16:08:45.840657-05
qiagmos5eivp6yavmaye3u2f7ua0nz5q	.eJxVjMEOwiAQRP-FsyEsSxE8evcbyAKLVA1NSnsy_rtt0oMeZ96beYtA61LD2nkOYxYXAeL020VKT247yA9q90mmqS3zGOWuyIN2eZsyv66H-3dQqddtnSxzzIldRGtBndENBYwrDMaQ8lqhRj2URICaHCsdTXHZe4WQtgTi8wXiwjda:1wPmmE:vcDgilMXWJ9AtnSGR-IySUwLn8COybwqMes01bzU-bQ	2026-06-03 14:40:22.951402-05
\.


--
-- TOC entry 5180 (class 0 OID 16585)
-- Dependencies: 239
-- Data for Name: inventario_alertastock; Type: TABLE DATA; Schema: public; Owner: postgres
--

COPY public.inventario_alertastock (id, fecha, mensaje, estado, nivel_critico, producto_id) FROM stdin;
1	2026-05-20 14:43:00.050861-05	Stock de "Aceite Gourmet 1L" en nivel crítico: 0 unidades.	ATENDIDA	0	3
\.


--
-- TOC entry 5188 (class 0 OID 16644)
-- Dependencies: 247
-- Data for Name: inventario_movimientoinventario; Type: TABLE DATA; Schema: public; Owner: postgres
--

COPY public.inventario_movimientoinventario (id, tipo, cantidad, fecha, descripcion, producto_id, proveedor_id, usuario_responsable_id) FROM stdin;
1	ENTRADA	3	2026-05-19 15:53:32.443313-05	El dia 19/05/206 ingresaron 3 unidades frescas de Criolla burgers	14	5	1
2	SALIDA	1	2026-05-20 13:20:14.299931-05		13	1	1
3	ENTRADA	15	2026-05-20 14:21:55.100353-05	Entraron 15 burgers	14	5	1
4	SALIDA	15	2026-05-20 14:22:28.026621-05	1	13	1	1
5	SALIDA	15	2026-05-20 14:22:39.488519-05		13	1	1
6	ENTRADA	50	2026-05-20 14:42:12.189434-05		4	1	1
7	SALIDA	45	2026-05-20 14:43:00.019172-05		3	5	1
\.


--
-- TOC entry 5186 (class 0 OID 16631)
-- Dependencies: 245
-- Data for Name: inventario_ordencompra; Type: TABLE DATA; Schema: public; Owner: postgres
--

COPY public.inventario_ordencompra (id, fecha, estado, cantidad_sugerida, observaciones, alerta_id, producto_id, proveedor_id, usuario_id) FROM stdin;
1	2026-05-20 14:43:00.061962-05	SUGERIDA	45	Generada automáticamente por alerta de stock.	1	3	1	1
\.


--
-- TOC entry 5184 (class 0 OID 16612)
-- Dependencies: 243
-- Data for Name: inventario_producto; Type: TABLE DATA; Schema: public; Owner: postgres
--

COPY public.inventario_producto (id, codigo_unico, nombre, categoria, precio, cantidad_disponible, stock_minimo, unidad_medida, activo, fecha_creacion, fecha_actualizacion, proveedor_id) FROM stdin;
1	ALI-001	Arroz Diana 1kg	Alimentos	3200.00	120	30	UND	t	2026-05-15 00:38:25.102534-05	2026-05-15 00:38:25.102534-05	4
2	ALI-002	Frijol Baltico 500g	Alimentos	4100.00	8	20	UND	t	2026-05-15 00:38:25.104534-05	2026-05-15 00:38:25.104534-05	4
5	ALI-005	Sal Refisal 1kg	Alimentos	1200.00	200	40	UND	t	2026-05-15 00:38:25.112059-05	2026-05-15 00:38:25.112059-05	1
6	LAC-001	Leche Colanta 1L	Lacteos	2600.00	12	30	UND	t	2026-05-15 00:38:25.114058-05	2026-05-15 00:38:25.114058-05	3
7	LAC-002	Yogurt Alpina 200g	Lacteos	1800.00	35	15	UND	t	2026-05-15 00:38:25.116059-05	2026-05-15 00:38:25.116059-05	3
8	LAC-003	Queso Campesino 250g	Lacteos	5200.00	5	10	UND	t	2026-05-15 00:38:25.118058-05	2026-05-15 00:38:25.118058-05	3
9	ASE-001	Detergente Ariel 1kg	Aseo	8900.00	40	20	UND	t	2026-05-15 00:38:25.121058-05	2026-05-15 00:38:25.121058-05	2
10	ASE-002	Jabon Palmolive 3und	Aseo	4200.00	80	25	UND	t	2026-05-15 00:38:25.124058-05	2026-05-15 00:38:25.124058-05	2
11	ASE-003	Shampoo HyS 400ml	Aseo	15900.00	3	10	UND	t	2026-05-15 00:38:25.126059-05	2026-05-15 00:38:25.126059-05	2
12	BEB-001	Gaseosa Postobon 2L	Bebidas	4500.00	55	20	UND	t	2026-05-15 00:38:25.127062-05	2026-05-15 00:38:25.127062-05	1
14	0045	Criolla burgers	Alimentos	21000.00	30	10	CJ	t	2026-05-19 15:52:30.208713-05	2026-05-20 14:21:55.131642-05	5
13	BEB-002	Agua Cristal 600ml	Bebidas	1500.00	119	50	UND	t	2026-05-15 00:38:25.130059-05	2026-05-20 14:22:39.506097-05	1
15	05555	Maiz	Alimentos	30000.00	20	10	KG	t	2026-05-20 14:24:05.173949-05	2026-05-20 14:24:05.173949-05	4
4	ALI-004	Azucar Riopaila 2kg	Alimentos	6500.00	50	25	UND	t	2026-05-15 00:38:25.110059-05	2026-05-20 14:42:12.218539-05	1
3	ALI-003	Aceite Gourmet 1L	Alimentos	9800.00	0	15	UND	t	2026-05-15 00:38:25.107534-05	2026-05-20 14:43:00.03978-05	1
\.


--
-- TOC entry 5182 (class 0 OID 16596)
-- Dependencies: 241
-- Data for Name: inventario_proveedor; Type: TABLE DATA; Schema: public; Owner: postgres
--

COPY public.inventario_proveedor (id, nombre, contacto, telefono, email, direccion, activo, fecha_creacion) FROM stdin;
1	Distribuidora Alimentaria del Eje	Carlos Perez	3001234567	c@dae.com	Manizales	t	2026-05-15 00:38:25.093172-05
3	Lacteos del Cafe SA	Andres Rios	3204567890	a@lacteos.com	Calarca	t	2026-05-15 00:38:25.09796-05
4	Distribuidora Nacional de Granos	Sofia Vargas	3156789012	s@dng.com	Manizales	t	2026-05-15 00:38:25.09896-05
2	Aseo y Hogar Ltda	Maria Gonzalez	3107654321	m@aseo.co	Pereira	t	2026-05-15 00:38:25.095952-05
5	La cocina	Carmen Andrea	322 6565706	LaCocinaCo@gmail.com	cra 64#31-10	t	2026-05-19 15:50:21.624595-05
\.


--
-- TOC entry 5194 (class 0 OID 0)
-- Dependencies: 225
-- Name: auth_group_id_seq; Type: SEQUENCE SET; Schema: public; Owner: postgres
--

SELECT pg_catalog.setval('public.auth_group_id_seq', 1, false);


--
-- TOC entry 5195 (class 0 OID 0)
-- Dependencies: 227
-- Name: auth_group_permissions_id_seq; Type: SEQUENCE SET; Schema: public; Owner: postgres
--

SELECT pg_catalog.setval('public.auth_group_permissions_id_seq', 1, false);


--
-- TOC entry 5196 (class 0 OID 0)
-- Dependencies: 223
-- Name: auth_permission_id_seq; Type: SEQUENCE SET; Schema: public; Owner: postgres
--

SELECT pg_catalog.setval('public.auth_permission_id_seq', 44, true);


--
-- TOC entry 5197 (class 0 OID 0)
-- Dependencies: 231
-- Name: auth_user_groups_id_seq; Type: SEQUENCE SET; Schema: public; Owner: postgres
--

SELECT pg_catalog.setval('public.auth_user_groups_id_seq', 1, false);


--
-- TOC entry 5198 (class 0 OID 0)
-- Dependencies: 229
-- Name: auth_user_id_seq; Type: SEQUENCE SET; Schema: public; Owner: postgres
--

SELECT pg_catalog.setval('public.auth_user_id_seq', 3, true);


--
-- TOC entry 5199 (class 0 OID 0)
-- Dependencies: 233
-- Name: auth_user_user_permissions_id_seq; Type: SEQUENCE SET; Schema: public; Owner: postgres
--

SELECT pg_catalog.setval('public.auth_user_user_permissions_id_seq', 1, false);


--
-- TOC entry 5200 (class 0 OID 0)
-- Dependencies: 235
-- Name: django_admin_log_id_seq; Type: SEQUENCE SET; Schema: public; Owner: postgres
--

SELECT pg_catalog.setval('public.django_admin_log_id_seq', 1, false);


--
-- TOC entry 5201 (class 0 OID 0)
-- Dependencies: 221
-- Name: django_content_type_id_seq; Type: SEQUENCE SET; Schema: public; Owner: postgres
--

SELECT pg_catalog.setval('public.django_content_type_id_seq', 11, true);


--
-- TOC entry 5202 (class 0 OID 0)
-- Dependencies: 219
-- Name: django_migrations_id_seq; Type: SEQUENCE SET; Schema: public; Owner: postgres
--

SELECT pg_catalog.setval('public.django_migrations_id_seq', 19, true);


--
-- TOC entry 5203 (class 0 OID 0)
-- Dependencies: 238
-- Name: inventario_alertastock_id_seq; Type: SEQUENCE SET; Schema: public; Owner: postgres
--

SELECT pg_catalog.setval('public.inventario_alertastock_id_seq', 1, true);


--
-- TOC entry 5204 (class 0 OID 0)
-- Dependencies: 246
-- Name: inventario_movimientoinventario_id_seq; Type: SEQUENCE SET; Schema: public; Owner: postgres
--

SELECT pg_catalog.setval('public.inventario_movimientoinventario_id_seq', 7, true);


--
-- TOC entry 5205 (class 0 OID 0)
-- Dependencies: 244
-- Name: inventario_ordencompra_id_seq; Type: SEQUENCE SET; Schema: public; Owner: postgres
--

SELECT pg_catalog.setval('public.inventario_ordencompra_id_seq', 1, true);


--
-- TOC entry 5206 (class 0 OID 0)
-- Dependencies: 242
-- Name: inventario_producto_id_seq; Type: SEQUENCE SET; Schema: public; Owner: postgres
--

SELECT pg_catalog.setval('public.inventario_producto_id_seq', 15, true);


--
-- TOC entry 5207 (class 0 OID 0)
-- Dependencies: 240
-- Name: inventario_proveedor_id_seq; Type: SEQUENCE SET; Schema: public; Owner: postgres
--

SELECT pg_catalog.setval('public.inventario_proveedor_id_seq', 5, true);


--
-- TOC entry 4939 (class 2606 OID 16568)
-- Name: auth_group auth_group_name_key; Type: CONSTRAINT; Schema: public; Owner: postgres
--

ALTER TABLE ONLY public.auth_group
    ADD CONSTRAINT auth_group_name_key UNIQUE (name);


--
-- TOC entry 4944 (class 2606 OID 16489)
-- Name: auth_group_permissions auth_group_permissions_group_id_permission_id_0cd325b0_uniq; Type: CONSTRAINT; Schema: public; Owner: postgres
--

ALTER TABLE ONLY public.auth_group_permissions
    ADD CONSTRAINT auth_group_permissions_group_id_permission_id_0cd325b0_uniq UNIQUE (group_id, permission_id);


--
-- TOC entry 4947 (class 2606 OID 16441)
-- Name: auth_group_permissions auth_group_permissions_pkey; Type: CONSTRAINT; Schema: public; Owner: postgres
--

ALTER TABLE ONLY public.auth_group_permissions
    ADD CONSTRAINT auth_group_permissions_pkey PRIMARY KEY (id);


--
-- TOC entry 4941 (class 2606 OID 16430)
-- Name: auth_group auth_group_pkey; Type: CONSTRAINT; Schema: public; Owner: postgres
--

ALTER TABLE ONLY public.auth_group
    ADD CONSTRAINT auth_group_pkey PRIMARY KEY (id);


--
-- TOC entry 4934 (class 2606 OID 16480)
-- Name: auth_permission auth_permission_content_type_id_codename_01ab375a_uniq; Type: CONSTRAINT; Schema: public; Owner: postgres
--

ALTER TABLE ONLY public.auth_permission
    ADD CONSTRAINT auth_permission_content_type_id_codename_01ab375a_uniq UNIQUE (content_type_id, codename);


--
-- TOC entry 4936 (class 2606 OID 16422)
-- Name: auth_permission auth_permission_pkey; Type: CONSTRAINT; Schema: public; Owner: postgres
--

ALTER TABLE ONLY public.auth_permission
    ADD CONSTRAINT auth_permission_pkey PRIMARY KEY (id);


--
-- TOC entry 4955 (class 2606 OID 16469)
-- Name: auth_user_groups auth_user_groups_pkey; Type: CONSTRAINT; Schema: public; Owner: postgres
--

ALTER TABLE ONLY public.auth_user_groups
    ADD CONSTRAINT auth_user_groups_pkey PRIMARY KEY (id);


--
-- TOC entry 4958 (class 2606 OID 16504)
-- Name: auth_user_groups auth_user_groups_user_id_group_id_94350c0c_uniq; Type: CONSTRAINT; Schema: public; Owner: postgres
--

ALTER TABLE ONLY public.auth_user_groups
    ADD CONSTRAINT auth_user_groups_user_id_group_id_94350c0c_uniq UNIQUE (user_id, group_id);


--
-- TOC entry 4949 (class 2606 OID 16458)
-- Name: auth_user auth_user_pkey; Type: CONSTRAINT; Schema: public; Owner: postgres
--

ALTER TABLE ONLY public.auth_user
    ADD CONSTRAINT auth_user_pkey PRIMARY KEY (id);


--
-- TOC entry 4961 (class 2606 OID 16478)
-- Name: auth_user_user_permissions auth_user_user_permissions_pkey; Type: CONSTRAINT; Schema: public; Owner: postgres
--

ALTER TABLE ONLY public.auth_user_user_permissions
    ADD CONSTRAINT auth_user_user_permissions_pkey PRIMARY KEY (id);


--
-- TOC entry 4964 (class 2606 OID 16518)
-- Name: auth_user_user_permissions auth_user_user_permissions_user_id_permission_id_14a6b632_uniq; Type: CONSTRAINT; Schema: public; Owner: postgres
--

ALTER TABLE ONLY public.auth_user_user_permissions
    ADD CONSTRAINT auth_user_user_permissions_user_id_permission_id_14a6b632_uniq UNIQUE (user_id, permission_id);


--
-- TOC entry 4952 (class 2606 OID 16561)
-- Name: auth_user auth_user_username_key; Type: CONSTRAINT; Schema: public; Owner: postgres
--

ALTER TABLE ONLY public.auth_user
    ADD CONSTRAINT auth_user_username_key UNIQUE (username);


--
-- TOC entry 4967 (class 2606 OID 16545)
-- Name: django_admin_log django_admin_log_pkey; Type: CONSTRAINT; Schema: public; Owner: postgres
--

ALTER TABLE ONLY public.django_admin_log
    ADD CONSTRAINT django_admin_log_pkey PRIMARY KEY (id);


--
-- TOC entry 4929 (class 2606 OID 16412)
-- Name: django_content_type django_content_type_app_label_model_76bd3d3b_uniq; Type: CONSTRAINT; Schema: public; Owner: postgres
--

ALTER TABLE ONLY public.django_content_type
    ADD CONSTRAINT django_content_type_app_label_model_76bd3d3b_uniq UNIQUE (app_label, model);


--
-- TOC entry 4931 (class 2606 OID 16410)
-- Name: django_content_type django_content_type_pkey; Type: CONSTRAINT; Schema: public; Owner: postgres
--

ALTER TABLE ONLY public.django_content_type
    ADD CONSTRAINT django_content_type_pkey PRIMARY KEY (id);


--
-- TOC entry 4927 (class 2606 OID 16400)
-- Name: django_migrations django_migrations_pkey; Type: CONSTRAINT; Schema: public; Owner: postgres
--

ALTER TABLE ONLY public.django_migrations
    ADD CONSTRAINT django_migrations_pkey PRIMARY KEY (id);


--
-- TOC entry 4971 (class 2606 OID 16581)
-- Name: django_session django_session_pkey; Type: CONSTRAINT; Schema: public; Owner: postgres
--

ALTER TABLE ONLY public.django_session
    ADD CONSTRAINT django_session_pkey PRIMARY KEY (session_key);


--
-- TOC entry 4974 (class 2606 OID 16594)
-- Name: inventario_alertastock inventario_alertastock_pkey; Type: CONSTRAINT; Schema: public; Owner: postgres
--

ALTER TABLE ONLY public.inventario_alertastock
    ADD CONSTRAINT inventario_alertastock_pkey PRIMARY KEY (id);


--
-- TOC entry 4991 (class 2606 OID 16654)
-- Name: inventario_movimientoinventario inventario_movimientoinventario_pkey; Type: CONSTRAINT; Schema: public; Owner: postgres
--

ALTER TABLE ONLY public.inventario_movimientoinventario
    ADD CONSTRAINT inventario_movimientoinventario_pkey PRIMARY KEY (id);


--
-- TOC entry 4986 (class 2606 OID 16642)
-- Name: inventario_ordencompra inventario_ordencompra_pkey; Type: CONSTRAINT; Schema: public; Owner: postgres
--

ALTER TABLE ONLY public.inventario_ordencompra
    ADD CONSTRAINT inventario_ordencompra_pkey PRIMARY KEY (id);


--
-- TOC entry 4980 (class 2606 OID 16629)
-- Name: inventario_producto inventario_producto_codigo_unico_key; Type: CONSTRAINT; Schema: public; Owner: postgres
--

ALTER TABLE ONLY public.inventario_producto
    ADD CONSTRAINT inventario_producto_codigo_unico_key UNIQUE (codigo_unico);


--
-- TOC entry 4982 (class 2606 OID 16627)
-- Name: inventario_producto inventario_producto_pkey; Type: CONSTRAINT; Schema: public; Owner: postgres
--

ALTER TABLE ONLY public.inventario_producto
    ADD CONSTRAINT inventario_producto_pkey PRIMARY KEY (id);


--
-- TOC entry 4977 (class 2606 OID 16610)
-- Name: inventario_proveedor inventario_proveedor_pkey; Type: CONSTRAINT; Schema: public; Owner: postgres
--

ALTER TABLE ONLY public.inventario_proveedor
    ADD CONSTRAINT inventario_proveedor_pkey PRIMARY KEY (id);


--
-- TOC entry 4937 (class 1259 OID 16569)
-- Name: auth_group_name_a6ea08ec_like; Type: INDEX; Schema: public; Owner: postgres
--

CREATE INDEX auth_group_name_a6ea08ec_like ON public.auth_group USING btree (name varchar_pattern_ops);


--
-- TOC entry 4942 (class 1259 OID 16500)
-- Name: auth_group_permissions_group_id_b120cbf9; Type: INDEX; Schema: public; Owner: postgres
--

CREATE INDEX auth_group_permissions_group_id_b120cbf9 ON public.auth_group_permissions USING btree (group_id);


--
-- TOC entry 4945 (class 1259 OID 16501)
-- Name: auth_group_permissions_permission_id_84c5c92e; Type: INDEX; Schema: public; Owner: postgres
--

CREATE INDEX auth_group_permissions_permission_id_84c5c92e ON public.auth_group_permissions USING btree (permission_id);


--
-- TOC entry 4932 (class 1259 OID 16486)
-- Name: auth_permission_content_type_id_2f476e4b; Type: INDEX; Schema: public; Owner: postgres
--

CREATE INDEX auth_permission_content_type_id_2f476e4b ON public.auth_permission USING btree (content_type_id);


--
-- TOC entry 4953 (class 1259 OID 16516)
-- Name: auth_user_groups_group_id_97559544; Type: INDEX; Schema: public; Owner: postgres
--

CREATE INDEX auth_user_groups_group_id_97559544 ON public.auth_user_groups USING btree (group_id);


--
-- TOC entry 4956 (class 1259 OID 16515)
-- Name: auth_user_groups_user_id_6a12ed8b; Type: INDEX; Schema: public; Owner: postgres
--

CREATE INDEX auth_user_groups_user_id_6a12ed8b ON public.auth_user_groups USING btree (user_id);


--
-- TOC entry 4959 (class 1259 OID 16530)
-- Name: auth_user_user_permissions_permission_id_1fbb5f2c; Type: INDEX; Schema: public; Owner: postgres
--

CREATE INDEX auth_user_user_permissions_permission_id_1fbb5f2c ON public.auth_user_user_permissions USING btree (permission_id);


--
-- TOC entry 4962 (class 1259 OID 16529)
-- Name: auth_user_user_permissions_user_id_a95ead1b; Type: INDEX; Schema: public; Owner: postgres
--

CREATE INDEX auth_user_user_permissions_user_id_a95ead1b ON public.auth_user_user_permissions USING btree (user_id);


--
-- TOC entry 4950 (class 1259 OID 16562)
-- Name: auth_user_username_6821ab7c_like; Type: INDEX; Schema: public; Owner: postgres
--

CREATE INDEX auth_user_username_6821ab7c_like ON public.auth_user USING btree (username varchar_pattern_ops);


--
-- TOC entry 4965 (class 1259 OID 16556)
-- Name: django_admin_log_content_type_id_c4bce8eb; Type: INDEX; Schema: public; Owner: postgres
--

CREATE INDEX django_admin_log_content_type_id_c4bce8eb ON public.django_admin_log USING btree (content_type_id);


--
-- TOC entry 4968 (class 1259 OID 16557)
-- Name: django_admin_log_user_id_c564eba6; Type: INDEX; Schema: public; Owner: postgres
--

CREATE INDEX django_admin_log_user_id_c564eba6 ON public.django_admin_log USING btree (user_id);


--
-- TOC entry 4969 (class 1259 OID 16583)
-- Name: django_session_expire_date_a5c62663; Type: INDEX; Schema: public; Owner: postgres
--

CREATE INDEX django_session_expire_date_a5c62663 ON public.django_session USING btree (expire_date);


--
-- TOC entry 4972 (class 1259 OID 16582)
-- Name: django_session_session_key_c0390e0f_like; Type: INDEX; Schema: public; Owner: postgres
--

CREATE INDEX django_session_session_key_c0390e0f_like ON public.django_session USING btree (session_key varchar_pattern_ops);


--
-- TOC entry 4975 (class 1259 OID 16710)
-- Name: inventario_alertastock_producto_id_30649771; Type: INDEX; Schema: public; Owner: postgres
--

CREATE INDEX inventario_alertastock_producto_id_30649771 ON public.inventario_alertastock USING btree (producto_id);


--
-- TOC entry 4992 (class 1259 OID 16707)
-- Name: inventario_movimientoinventario_producto_id_cec1a696; Type: INDEX; Schema: public; Owner: postgres
--

CREATE INDEX inventario_movimientoinventario_producto_id_cec1a696 ON public.inventario_movimientoinventario USING btree (producto_id);


--
-- TOC entry 4993 (class 1259 OID 16708)
-- Name: inventario_movimientoinventario_proveedor_id_0a2cd083; Type: INDEX; Schema: public; Owner: postgres
--

CREATE INDEX inventario_movimientoinventario_proveedor_id_0a2cd083 ON public.inventario_movimientoinventario USING btree (proveedor_id);


--
-- TOC entry 4994 (class 1259 OID 16709)
-- Name: inventario_movimientoinventario_usuario_responsable_id_61c29f5a; Type: INDEX; Schema: public; Owner: postgres
--

CREATE INDEX inventario_movimientoinventario_usuario_responsable_id_61c29f5a ON public.inventario_movimientoinventario USING btree (usuario_responsable_id);


--
-- TOC entry 4984 (class 1259 OID 16688)
-- Name: inventario_ordencompra_alerta_id_f8760e99; Type: INDEX; Schema: public; Owner: postgres
--

CREATE INDEX inventario_ordencompra_alerta_id_f8760e99 ON public.inventario_ordencompra USING btree (alerta_id);


--
-- TOC entry 4987 (class 1259 OID 16689)
-- Name: inventario_ordencompra_producto_id_5f8a18a0; Type: INDEX; Schema: public; Owner: postgres
--

CREATE INDEX inventario_ordencompra_producto_id_5f8a18a0 ON public.inventario_ordencompra USING btree (producto_id);


--
-- TOC entry 4988 (class 1259 OID 16690)
-- Name: inventario_ordencompra_proveedor_id_eb72ae94; Type: INDEX; Schema: public; Owner: postgres
--

CREATE INDEX inventario_ordencompra_proveedor_id_eb72ae94 ON public.inventario_ordencompra USING btree (proveedor_id);


--
-- TOC entry 4989 (class 1259 OID 16691)
-- Name: inventario_ordencompra_usuario_id_7ac8cc99; Type: INDEX; Schema: public; Owner: postgres
--

CREATE INDEX inventario_ordencompra_usuario_id_7ac8cc99 ON public.inventario_ordencompra USING btree (usuario_id);


--
-- TOC entry 4978 (class 1259 OID 16666)
-- Name: inventario_producto_codigo_unico_f6d5303b_like; Type: INDEX; Schema: public; Owner: postgres
--

CREATE INDEX inventario_producto_codigo_unico_f6d5303b_like ON public.inventario_producto USING btree (codigo_unico varchar_pattern_ops);


--
-- TOC entry 4983 (class 1259 OID 16667)
-- Name: inventario_producto_proveedor_id_2feee190; Type: INDEX; Schema: public; Owner: postgres
--

CREATE INDEX inventario_producto_proveedor_id_2feee190 ON public.inventario_producto USING btree (proveedor_id);


--
-- TOC entry 4996 (class 2606 OID 16495)
-- Name: auth_group_permissions auth_group_permissio_permission_id_84c5c92e_fk_auth_perm; Type: FK CONSTRAINT; Schema: public; Owner: postgres
--

ALTER TABLE ONLY public.auth_group_permissions
    ADD CONSTRAINT auth_group_permissio_permission_id_84c5c92e_fk_auth_perm FOREIGN KEY (permission_id) REFERENCES public.auth_permission(id) DEFERRABLE INITIALLY DEFERRED;


--
-- TOC entry 4997 (class 2606 OID 16490)
-- Name: auth_group_permissions auth_group_permissions_group_id_b120cbf9_fk_auth_group_id; Type: FK CONSTRAINT; Schema: public; Owner: postgres
--

ALTER TABLE ONLY public.auth_group_permissions
    ADD CONSTRAINT auth_group_permissions_group_id_b120cbf9_fk_auth_group_id FOREIGN KEY (group_id) REFERENCES public.auth_group(id) DEFERRABLE INITIALLY DEFERRED;


--
-- TOC entry 4995 (class 2606 OID 16481)
-- Name: auth_permission auth_permission_content_type_id_2f476e4b_fk_django_co; Type: FK CONSTRAINT; Schema: public; Owner: postgres
--

ALTER TABLE ONLY public.auth_permission
    ADD CONSTRAINT auth_permission_content_type_id_2f476e4b_fk_django_co FOREIGN KEY (content_type_id) REFERENCES public.django_content_type(id) DEFERRABLE INITIALLY DEFERRED;


--
-- TOC entry 4998 (class 2606 OID 16510)
-- Name: auth_user_groups auth_user_groups_group_id_97559544_fk_auth_group_id; Type: FK CONSTRAINT; Schema: public; Owner: postgres
--

ALTER TABLE ONLY public.auth_user_groups
    ADD CONSTRAINT auth_user_groups_group_id_97559544_fk_auth_group_id FOREIGN KEY (group_id) REFERENCES public.auth_group(id) DEFERRABLE INITIALLY DEFERRED;


--
-- TOC entry 4999 (class 2606 OID 16505)
-- Name: auth_user_groups auth_user_groups_user_id_6a12ed8b_fk_auth_user_id; Type: FK CONSTRAINT; Schema: public; Owner: postgres
--

ALTER TABLE ONLY public.auth_user_groups
    ADD CONSTRAINT auth_user_groups_user_id_6a12ed8b_fk_auth_user_id FOREIGN KEY (user_id) REFERENCES public.auth_user(id) DEFERRABLE INITIALLY DEFERRED;


--
-- TOC entry 5000 (class 2606 OID 16524)
-- Name: auth_user_user_permissions auth_user_user_permi_permission_id_1fbb5f2c_fk_auth_perm; Type: FK CONSTRAINT; Schema: public; Owner: postgres
--

ALTER TABLE ONLY public.auth_user_user_permissions
    ADD CONSTRAINT auth_user_user_permi_permission_id_1fbb5f2c_fk_auth_perm FOREIGN KEY (permission_id) REFERENCES public.auth_permission(id) DEFERRABLE INITIALLY DEFERRED;


--
-- TOC entry 5001 (class 2606 OID 16519)
-- Name: auth_user_user_permissions auth_user_user_permissions_user_id_a95ead1b_fk_auth_user_id; Type: FK CONSTRAINT; Schema: public; Owner: postgres
--

ALTER TABLE ONLY public.auth_user_user_permissions
    ADD CONSTRAINT auth_user_user_permissions_user_id_a95ead1b_fk_auth_user_id FOREIGN KEY (user_id) REFERENCES public.auth_user(id) DEFERRABLE INITIALLY DEFERRED;


--
-- TOC entry 5002 (class 2606 OID 16546)
-- Name: django_admin_log django_admin_log_content_type_id_c4bce8eb_fk_django_co; Type: FK CONSTRAINT; Schema: public; Owner: postgres
--

ALTER TABLE ONLY public.django_admin_log
    ADD CONSTRAINT django_admin_log_content_type_id_c4bce8eb_fk_django_co FOREIGN KEY (content_type_id) REFERENCES public.django_content_type(id) DEFERRABLE INITIALLY DEFERRED;


--
-- TOC entry 5003 (class 2606 OID 16551)
-- Name: django_admin_log django_admin_log_user_id_c564eba6_fk_auth_user_id; Type: FK CONSTRAINT; Schema: public; Owner: postgres
--

ALTER TABLE ONLY public.django_admin_log
    ADD CONSTRAINT django_admin_log_user_id_c564eba6_fk_auth_user_id FOREIGN KEY (user_id) REFERENCES public.auth_user(id) DEFERRABLE INITIALLY DEFERRED;


--
-- TOC entry 5004 (class 2606 OID 16656)
-- Name: inventario_alertastock inventario_alertasto_producto_id_30649771_fk_inventari; Type: FK CONSTRAINT; Schema: public; Owner: postgres
--

ALTER TABLE ONLY public.inventario_alertastock
    ADD CONSTRAINT inventario_alertasto_producto_id_30649771_fk_inventari FOREIGN KEY (producto_id) REFERENCES public.inventario_producto(id) DEFERRABLE INITIALLY DEFERRED;


--
-- TOC entry 5010 (class 2606 OID 16692)
-- Name: inventario_movimientoinventario inventario_movimient_producto_id_cec1a696_fk_inventari; Type: FK CONSTRAINT; Schema: public; Owner: postgres
--

ALTER TABLE ONLY public.inventario_movimientoinventario
    ADD CONSTRAINT inventario_movimient_producto_id_cec1a696_fk_inventari FOREIGN KEY (producto_id) REFERENCES public.inventario_producto(id) DEFERRABLE INITIALLY DEFERRED;


--
-- TOC entry 5011 (class 2606 OID 16697)
-- Name: inventario_movimientoinventario inventario_movimient_proveedor_id_0a2cd083_fk_inventari; Type: FK CONSTRAINT; Schema: public; Owner: postgres
--

ALTER TABLE ONLY public.inventario_movimientoinventario
    ADD CONSTRAINT inventario_movimient_proveedor_id_0a2cd083_fk_inventari FOREIGN KEY (proveedor_id) REFERENCES public.inventario_proveedor(id) DEFERRABLE INITIALLY DEFERRED;


--
-- TOC entry 5012 (class 2606 OID 16702)
-- Name: inventario_movimientoinventario inventario_movimient_usuario_responsable__61c29f5a_fk_auth_user; Type: FK CONSTRAINT; Schema: public; Owner: postgres
--

ALTER TABLE ONLY public.inventario_movimientoinventario
    ADD CONSTRAINT inventario_movimient_usuario_responsable__61c29f5a_fk_auth_user FOREIGN KEY (usuario_responsable_id) REFERENCES public.auth_user(id) DEFERRABLE INITIALLY DEFERRED;


--
-- TOC entry 5006 (class 2606 OID 16668)
-- Name: inventario_ordencompra inventario_ordencomp_alerta_id_f8760e99_fk_inventari; Type: FK CONSTRAINT; Schema: public; Owner: postgres
--

ALTER TABLE ONLY public.inventario_ordencompra
    ADD CONSTRAINT inventario_ordencomp_alerta_id_f8760e99_fk_inventari FOREIGN KEY (alerta_id) REFERENCES public.inventario_alertastock(id) DEFERRABLE INITIALLY DEFERRED;


--
-- TOC entry 5007 (class 2606 OID 16673)
-- Name: inventario_ordencompra inventario_ordencomp_producto_id_5f8a18a0_fk_inventari; Type: FK CONSTRAINT; Schema: public; Owner: postgres
--

ALTER TABLE ONLY public.inventario_ordencompra
    ADD CONSTRAINT inventario_ordencomp_producto_id_5f8a18a0_fk_inventari FOREIGN KEY (producto_id) REFERENCES public.inventario_producto(id) DEFERRABLE INITIALLY DEFERRED;


--
-- TOC entry 5008 (class 2606 OID 16678)
-- Name: inventario_ordencompra inventario_ordencomp_proveedor_id_eb72ae94_fk_inventari; Type: FK CONSTRAINT; Schema: public; Owner: postgres
--

ALTER TABLE ONLY public.inventario_ordencompra
    ADD CONSTRAINT inventario_ordencomp_proveedor_id_eb72ae94_fk_inventari FOREIGN KEY (proveedor_id) REFERENCES public.inventario_proveedor(id) DEFERRABLE INITIALLY DEFERRED;


--
-- TOC entry 5009 (class 2606 OID 16683)
-- Name: inventario_ordencompra inventario_ordencompra_usuario_id_7ac8cc99_fk_auth_user_id; Type: FK CONSTRAINT; Schema: public; Owner: postgres
--

ALTER TABLE ONLY public.inventario_ordencompra
    ADD CONSTRAINT inventario_ordencompra_usuario_id_7ac8cc99_fk_auth_user_id FOREIGN KEY (usuario_id) REFERENCES public.auth_user(id) DEFERRABLE INITIALLY DEFERRED;


--
-- TOC entry 5005 (class 2606 OID 16661)
-- Name: inventario_producto inventario_producto_proveedor_id_2feee190_fk_inventari; Type: FK CONSTRAINT; Schema: public; Owner: postgres
--

ALTER TABLE ONLY public.inventario_producto
    ADD CONSTRAINT inventario_producto_proveedor_id_2feee190_fk_inventari FOREIGN KEY (proveedor_id) REFERENCES public.inventario_proveedor(id) DEFERRABLE INITIALLY DEFERRED;


-- Completed on 2026-05-20 14:58:34

--
-- PostgreSQL database dump complete
--

\unrestrict XMx7h8EIiYRhNaEvnblnfATgw9Yw5IQXgA7BtukXUuEi37CnYsHXYbUwO1GVOO0

